"labels","index","count","freq","IRLbl","SCUMBLE","SCUMBLE.CV"
"Beach",295,143,0.178304239401496,1.23776223776224,0.000514764274308316,3.17225185909801
"Sunset",296,121,0.150872817955112,1.46280991735537,0,0
"FallFoliage",297,132,0.164588528678304,1.34090909090909,0.000389842545185633,4.72394487921071
"Field",298,145,0.180798004987531,1.22068965517241,0.000914798438245105,2.03900893223267
"Mountain",299,177,0.22069825436409,1,0.00135587378152215,1.89216140889497
"Urban",300,143,0.178304239401496,1.23776223776224,0.00000033724398654874,8.425940830153
