"labels","index","count","freq","IRLbl","SCUMBLE","SCUMBLE.CV"
"amazed.suprised",73,115,0.291139240506329,1.51304347826087,0.00198918142869422,2.46423276606079
"happy.pleased",74,111,0.281012658227848,1.56756756756757,0.0133174285444231,0.907190101758075
"relaxing.calm",75,174,0.440506329113924,1,0.0223885045625982,0.491358786012744
"quiet.still",76,99,0.250632911392405,1.75757575757576,0.0218491015129783,0.632706228675056
"sad.lonely",77,113,0.286075949367089,1.53982300884956,0.0149956749352235,0.816836072774804
"angry.aggresive",78,126,0.318987341772152,1.38095238095238,0.00116935901559351,2.16556139414581
