"labels","index","count","freq","IRLbl","SCUMBLE","SCUMBLE.CV"
"Beach",295,143,0.178304239401496,1.24475524475524,0.000542297924181999,3.17148112167233
"Sunset",296,121,0.150872817955112,1.47107438016529,0,0
"FallFoliage",297,132,0.164588528678304,1.34848484848485,0.000443851939540008,4.52990856523492
"Field",298,144,0.179551122194514,1.23611111111111,0.00106987693705669,2.04090519186802
"Mountain",299,178,0.221945137157107,1,0.00151253698179789,1.84971457683919
"Urban",300,144,0.179551122194514,1.23611111111111,0.000000295082243632123,4.43940217915562
