"labels","index","count","freq","IRLbl","SCUMBLE","SCUMBLE.CV"
"amazed.suprised",73,58,0.29,1.51724137931034,0.00226591088576826,2.44552719489656
"happy.pleased",74,56,0.28,1.57142857142857,0.0160163786262476,0.737906331277992
"relaxing.calm",75,88,0.44,1,0.0234843260810529,0.470851200126525
"quiet.still",76,49,0.245,1.79591836734694,0.0205937761911341,0.760034688330486
"sad.lonely",77,56,0.28,1.57142857142857,0.0149691093680809,0.889399251968513
"angry.aggresive",78,63,0.315,1.3968253968254,0.00126308971920929,3.20048289402126
