"fold","train","test"
1,0.7426707925498,0.741672077086117
2,0.743366878979429,0.740076656869502
3,0.740881231164705,0.745172462446868
