"fold","train","test","val"
1,0.745172462446868,0.741672077086117,0.740076656869502
2,0.741672077086117,0.740076656869502,0.745172462446868
3,0.740076656869502,0.745172462446868,0.741672077086117
