"grid_neighborhood","n_configs","qe_medio","qe_mediano","qe_min","qe_max","qe_dp"
"bubble",5832,0.401263922868906,0.369691676839417,0.0168472630822225,0.945834411581062,0.24975965353287
"gaussian",5832,0.504516835613838,0.467237618344747,0.105580940340907,0.968634386908806,0.222793299403125
