"labels","index","count","freq","IRLbl","SCUMBLE","SCUMBLE.CV"
"amazed.suprised",73,57,0.289340101522843,1.52631578947368,0.00209960913299147,2.56392030669921
"happy.pleased",74,54,0.274111675126904,1.61111111111111,0.0147790942362225,0.912689124356541
"relaxing.calm",75,87,0.441624365482233,1,0.0228514301440943,0.480911576802109
"quiet.still",76,50,0.253807106598985,1.74,0.0211576148087985,0.634555809868425
"sad.lonely",77,57,0.289340101522843,1.52631578947368,0.0145044617925195,0.82272623380284
"angry.aggresive",78,62,0.314720812182741,1.40322580645161,0.00105538398322199,2.49540636774801
