"fold","train","test","val"
1,0.51090958077642,0.503516581657452,0.530787142787074
2,0.503516581657452,0.530787142787074,0.51090958077642
3,0.530787142787074,0.51090958077642,0.503516581657452
