"fold","train","test"
1,0.509443823007841,0.503516581657452
2,0.49713668288143,0.530787142787074
3,0.516495515562783,0.51090958077642
