"labels","index","count","freq","IRLbl","SCUMBLE","SCUMBLE.CV"
"Beach",295,284,0.177057356608479,1.25,0.000632951354719508,2.96706132993016
"Sunset",296,243,0.151496259351621,1.46090534979424,0,0
"FallFoliage",297,264,0.164588528678304,1.34469696969697,0.000325684024619913,5.1855177284019
"Field",298,289,0.180174563591022,1.22837370242215,0.000983139962896745,2.05598827071998
"Mountain",299,355,0.221321695760599,1,0.00146803568070145,1.82076920075273
"Urban",300,287,0.178927680798005,1.23693379790941,0.0000202341554775464,16.408947763831
