"labels","index","count","freq","IRLbl","SCUMBLE","SCUMBLE.CV"
"red",20,102,0.790697674418605,1,0.0588907499307435,1.00418910011013
"green",21,61,0.472868217054264,1.67213114754098,0.0787007806734307,0.906602045871806
"blue",22,66,0.511627906976744,1.54545454545455,0.0584376025795686,1.17846301288139
"yellow",23,61,0.472868217054264,1.67213114754098,0.0743299521501317,0.810045616189234
"white",24,99,0.767441860465116,1.03030303030303,0.0618931900263001,1.1391603530986
"black",25,35,0.271317829457364,2.91428571428571,0.0925562574046554,0.406602589271483
"orange",26,17,0.131782945736434,6,0.212047696610755,0.170752125947708
