"labels","index","count","freq","IRLbl","SCUMBLE","SCUMBLE.CV"
"amazed.suprised",73,57,0.289340101522843,1.54385964912281,0.00227703880083683,2.33561583261684
"happy.pleased",74,55,0.279187817258883,1.6,0.0145500352159416,0.904878883938992
"relaxing.calm",75,88,0.446700507614213,1,0.0243814553428069,0.464156734735561
"quiet.still",76,50,0.253807106598985,1.76,0.0234710613874387,0.623558218211033
"sad.lonely",77,56,0.284263959390863,1.57142857142857,0.015013078679215,0.85027601139016
"angry.aggresive",78,63,0.319796954314721,1.3968253968254,0.0013765553804895,2.19358982568909
