"diversity","rDep","label.dependency"
0.421875,0.933333333333333,0.742306425451558
