"labels","index","count","freq","IRLbl","SCUMBLE","SCUMBLE.CV"
"amazed-suprised",73,173,0.291736930860034,1.52601156069364,0.00215917301490965,2.47829582309546
"happy-pleased",74,166,0.279932546374368,1.59036144578313,0.0143323193731431,0.891629506976465
"relaxing-calm",75,264,0.445193929173693,1,0.0237864605125506,0.484891142796959
"quiet-still",76,148,0.249578414839798,1.78378378378378,0.0231315382859806,0.63122930356997
"sad-lonely",77,168,0.283305227655987,1.57142857142857,0.0161334701708636,0.809353645755226
"angry-aggresive",78,189,0.318718381112985,1.3968253968254,0.00133118903960757,2.49472268170109
