"labels","index","count","freq","IRLbl","SCUMBLE","SCUMBLE.CV"
"amazed.suprised",73,115,0.289672544080605,1.5304347826087,0.00226978274842509,2.39199019333033
"happy.pleased",74,111,0.279596977329975,1.58558558558559,0.0153414639969491,0.815146562500369
"relaxing.calm",75,176,0.443324937027708,1,0.0240100004196458,0.466533878277837
"quiet.still",76,99,0.249370277078086,1.77777777777778,0.0220936064095456,0.68942344633539
"sad.lonely",77,112,0.282115869017632,1.57142857142857,0.0149742387969271,0.866926754874045
"angry.aggresive",78,126,0.317380352644836,1.3968253968254,0.00130440660936419,2.68086907406267
