"labels","index","count","freq","IRLbl","SCUMBLE","SCUMBLE.CV"
"red",20,102,0.816,1,0.060712490600288,1.03354865684297
"green",21,60,0.48,1.7,0.0764851474187376,0.954526130016591
"blue",22,66,0.528,1.54545454545455,0.0558518832844984,1.22311136638244
"yellow",23,61,0.488,1.67213114754098,0.0649078988646986,0.954520090547169
"white",24,93,0.744,1.09677419354839,0.0624280613848736,1.15630891949115
"black",25,35,0.28,2.91428571428571,0.0963833366406076,0.461938916174349
"orange",26,17,0.136,6,0.209886118000162,0.127403881787298
