"fold","train","test"
1,0.501116480898773,0.519090802009062
2,0.495486709447282,0.528207502674072
3,0.522201642572483,0.487975632523243
