"fold","train","test","val"
1,0.487975632523243,0.519090802009062,0.528207502674072
2,0.519090802009062,0.528207502674072,0.487975632523243
3,0.528207502674072,0.487975632523243,0.519090802009062
