"labels","index","count","freq","IRLbl","SCUMBLE","SCUMBLE.CV"
"red",20,51,0.784615384615385,1,0.0646640385470679,1.03051654178403
"green",21,30,0.461538461538462,1.7,0.0772613165138309,0.938484791547186
"blue",22,33,0.507692307692308,1.54545454545455,0.0512817646606389,1.25356673705666
"yellow",23,30,0.461538461538462,1.7,0.0573420289627835,1.03917594380516
"white",24,47,0.723076923076923,1.08510638297872,0.0642218059879538,1.15398786466367
"black",25,17,0.261538461538462,3,0.101295999096914,0.444995671635746
"orange",26,9,0.138461538461538,5.66666666666667,0.207208514186995,0.0986338718445536
