"fold","train","test","val"
1,0.738598096749752,0.743260829110681,0.752154153761174
2,0.743260829110681,0.752154153761174,0.738598096749752
3,0.752154153761174,0.738598096749752,0.743260829110681
