"fold","train","test"
1,0.743593236957424,0.743260829110681
2,0.740167316360769,0.752154153761174
3,0.744936570618938,0.738598096749752
