"labels","index","count","freq","IRLbl","SCUMBLE","SCUMBLE.CV"
"Beach",295,286,0.178304239401496,1.24125874125874,0.000528346757107795,3.16705067445631
"Sunset",296,242,0.150872817955112,1.46694214876033,0,0
"FallFoliage",297,264,0.164588528678304,1.34469696969697,0.000415741531493502,4.62103566215308
"Field",298,289,0.180174563591022,1.22837370242215,0.000990109910475189,2.03987877129051
"Mountain",299,355,0.221321695760599,1,0.00143313599765938,1.86744283857289
"Urban",300,287,0.178927680798005,1.23693379790941,0.000000152996368194756,5.02116496566895
