"labels","index","count","freq","IRLbl","SCUMBLE","SCUMBLE.CV"
"Beach",295,285,0.177349097697573,1.24561403508772,0.000442412512737994,3.54884024683562
"Sunset",296,242,0.150591163658992,1.46694214876033,0,0
"FallFoliage",297,265,0.164903546981954,1.33962264150943,0.000408707008903074,4.70610614087353
"Field",298,288,0.179215930304916,1.23263888888889,0.00102799188010343,2.02830628017057
"Mountain",299,355,0.22090852520224,1,0.0014207894585636,1.90372322765739
"Urban",300,287,0.178593652769135,1.23693379790941,0.00000031399262684884,4.21809120231578
