"labels","index","count","freq","IRLbl","SCUMBLE","SCUMBLE.CV"
"Beach",295,141,0.175591531755915,1.26241134751773,0.000576767983548958,3.27576475470743
"Sunset",296,122,0.151930261519303,1.45901639344262,0,0
"FallFoliage",297,133,0.165628891656289,1.33834586466165,0.0004430717351916,4.53356954657128
"Field",298,144,0.179327521793275,1.23611111111111,0.00101435281904832,2.08249219856696
"Mountain",299,178,0.221668742216687,1,0.00156717225800667,1.84246591696415
"Urban",300,144,0.179327521793275,1.23611111111111,0.0000411296893805921,11.3249924990425
