"labels","index","count","freq","IRLbl","SCUMBLE","SCUMBLE.CV"
"amazed.suprised",73,115,0.292620865139949,1.5304347826087,0.00210269343224004,2.50147414312574
"happy.pleased",74,110,0.279898218829517,1.6,0.0133953274827475,0.980941277696637
"relaxing.calm",75,176,0.447837150127226,1,0.0238549722461181,0.49382147521117
"quiet.still",76,99,0.251908396946565,1.77777777777778,0.0243596896620258,0.571069254350042
"sad.lonely",77,112,0.28498727735369,1.57142857142857,0.0167028550612208,0.77373470360275
"angry.aggresive",78,126,0.320610687022901,1.3968253968254,0.00137209674451153,2.15494767173626
