"diversity","rDep","label.dependency"
0.421875,0.380952380952381,0.505956576390529
