"labels","index","count","freq","IRLbl","SCUMBLE","SCUMBLE.CV"
"red",20,153,0.788659793814433,1,0.0608159535530769,1.01966918070861
"green",21,91,0.469072164948454,1.68131868131868,0.0781527023021959,0.914862040271681
"blue",22,99,0.510309278350515,1.54545454545455,0.0558940221359941,1.19818262101434
"yellow",23,91,0.469072164948454,1.68131868131868,0.0685041578460555,0.874065034454083
"white",24,146,0.752577319587629,1.04794520547945,0.0626119521155051,1.14367632855525
"black",25,52,0.268041237113402,2.94230769230769,0.0953874010564846,0.424682037419552
"orange",26,26,0.134020618556701,5.88461538461539,0.210636250859122,0.148771760490518
