"labels","index","count","freq","IRLbl","SCUMBLE","SCUMBLE.CV"
"red",20,51,0.85,1,0.0566325867773393,1.02577173831173
"green",21,30,0.5,1.7,0.0764447747305099,0.980110338328401
"blue",22,33,0.55,1.54545454545455,0.0608435066615672,1.21148178798895
"yellow",23,31,0.516666666666667,1.64516129032258,0.0726537269720974,0.901665050070875
"white",24,46,0.766666666666667,1.10869565217391,0.0604418065575157,1.17082444640525
"black",25,18,0.3,2.83333333333333,0.0928836581050577,0.500955866416013
"orange",26,8,0.133333333333333,6.375,0.211620502975815,0.142004672009343
