"labels","index","count","freq","IRLbl","SCUMBLE","SCUMBLE.CV"
"amazed.suprised",73,58,0.295918367346939,1.51724137931034,0.00196140255981694,2.65394527732195
"happy.pleased",74,55,0.280612244897959,1.6,0.0122400437355012,1.06951952670019
"relaxing.calm",75,88,0.448979591836735,1,0.0233116342188589,0.523853122655543
"quiet.still",76,49,0.25,1.79591836734694,0.0252486776694892,0.519897220581344
"sad.lonely",77,56,0.285714285714286,1.57142857142857,0.0185391139918463,0.707054667114283
"angry.aggresive",78,63,0.321428571428571,1.3968253968254,0.00139796038098708,2.09527973091707
