"labels","index","count","freq","IRLbl","SCUMBLE","SCUMBLE.CV"
"amazed.suprised",73,116,0.292929292929293,1.51724137931034,0.00211116740716572,2.54232391570233
"happy.pleased",74,111,0.28030303030303,1.58558558558559,0.0142109047199421,0.888268717311247
"relaxing.calm",75,176,0.444444444444444,1,0.0234483864236966,0.49528994028778
"quiet.still",76,98,0.247474747474747,1.79591836734694,0.0229205207020742,0.635429960854696
"sad.lonely",77,112,0.282828282828283,1.57142857142857,0.0167541116799636,0.792238872410083
"angry.aggresive",78,126,0.318181818181818,1.3968253968254,0.00132805148659036,2.64677735370204
