"labels","index","count","freq","IRLbl","SCUMBLE","SCUMBLE.CV"
"Beach",295,143,0.178082191780822,1.24475524475524,0.000375570903290712,3.86844049561318
"Sunset",296,121,0.150684931506849,1.47107438016529,0,0
"FallFoliage",297,133,0.165628891656289,1.33834586466165,0.000613183432620998,3.83895102476123
"Field",298,144,0.179327521793275,1.23611111111111,0.00102530838101687,2.05705225359456
"Mountain",299,178,0.221668742216687,1,0.00150044871480052,1.92436324431244
"Urban",300,144,0.179327521793275,1.23611111111111,0.000000337236849865283,4.13749696300567
