"labels","index","count","freq","IRLbl","SCUMBLE","SCUMBLE.CV"
"amazed.suprised",73,58,0.292929292929293,1.55172413793103,0.00254616239455212,2.48581546743038
"happy.pleased",74,55,0.277777777777778,1.63636363636364,0.0164868167493136,0.868049788308602
"relaxing.calm",75,90,0.454545454545455,1,0.0266880581385156,0.476149692273898
"quiet.still",76,49,0.247474747474747,1.83673469387755,0.025830044979219,0.631959200581135
"sad.lonely",77,55,0.277777777777778,1.63636363636364,0.0186314349932872,0.798511950891956
"angry.aggresive",78,63,0.318181818181818,1.42857142857143,0.00170839100941462,2.81677708477702
