"fold","train","test"
1,0.942229809600923,0.943430487909995
2,0.942315779285325,0.9432570407419
3,0.943350285975879,0.94118943788979
