"labels","index","count","freq","IRLbl","SCUMBLE","SCUMBLE.CV"
"red",20,52,0.8,1,0.0648983882348347,0.870639183653448
"green",21,31,0.476923076923077,1.67741935483871,0.0816577838530083,0.797439615533129
"blue",22,33,0.507692307692308,1.57575757575758,0.0642608776275586,0.976978500438562
"yellow",23,26,0.4,2,0.0734667192367164,0.622241793785343
"white",24,50,0.769230769230769,1.04,0.0671165565247552,0.976496968944434
"black",25,17,0.261538461538462,3.05882352941176,0.101309494566622,0.319938825115239
"orange",26,10,0.153846153846154,5.2,0.183830732421389,0.138449051600059
