"labels","index","count","freq","IRLbl","SCUMBLE","SCUMBLE.CV"
"red",20,102,0.784615384615385,1,0.0611705956493039,0.944597509711427
"green",21,61,0.469230769230769,1.67213114754098,0.0795169044494519,0.852290734795027
"blue",22,64,0.492307692307692,1.59375,0.0594698744663771,1.09575457152054
"yellow",23,56,0.430769230769231,1.82142857142857,0.0693786101244716,0.749527620296628
"white",24,98,0.753846153846154,1.04081632653061,0.0642704005784073,1.08503491784423
"black",25,35,0.269230769230769,2.91428571428571,0.08961720783119,0.373555811619218
"orange",26,18,0.138461538461538,5.66666666666667,0.202834983811947,0.172263576294275
