"labels","index","count","freq","IRLbl","SCUMBLE","SCUMBLE.CV"
"Beach",295,285,0.177791640673737,1.24912280701754,0.000561979881798682,3.15787598624559
"Sunset",296,243,0.151590767311291,1.46502057613169,0,0
"FallFoliage",297,265,0.165315034310667,1.34339622641509,0.000540114225287361,4.07113407271073
"Field",298,289,0.180286961946351,1.2318339100346,0.000982905074781082,2.07454157118149
"Mountain",299,356,0.222083593262633,1,0.0015490888827698,1.84633723363752
"Urban",300,288,0.179663131628197,1.23611111111111,0.0000200501373011067,16.4279933678204
