"labels","index","count","freq","IRLbl","SCUMBLE","SCUMBLE.CV"
"red",20,50,0.769230769230769,1,0.0575465403614672,1.04780475465558
"green",21,30,0.461538461538462,1.66666666666667,0.07747409551267,0.930824021938717
"blue",22,31,0.476923076923077,1.61290322580645,0.0538955456159162,1.23782836881523
"yellow",23,30,0.461538461538462,1.66666666666667,0.0684734830545424,0.912393777380619
"white",24,48,0.738461538461539,1.04166666666667,0.060911683559567,1.22910670797926
"black",25,18,0.276923076923077,2.77777777777778,0.0787015116396369,0.431948060622499
"orange",26,8,0.123076923076923,6.25,0.228090025038483,0.188678030900167
