"labels","index","count","freq","IRLbl","SCUMBLE","SCUMBLE.CV"
"Beach",295,142,0.176616915422886,1.24647887323944,0.000510620694055366,3.30000272666111
"Sunset",296,121,0.150497512437811,1.46280991735537,0,0
"FallFoliage",297,132,0.164179104477612,1.34090909090909,0.000197349992581858,6.66500654140607
"Field",298,144,0.17910447761194,1.22916666666667,0.00102652721647237,2.01312332529642
"Mountain",299,177,0.220149253731343,1,0.00133798876854229,1.87337877709213
"Urban",300,143,0.177860696517413,1.23776223776224,0.000000343182389107864,4.12243782666242
