"labels","index","count","freq","IRLbl","SCUMBLE","SCUMBLE.CV"
"Beach",295,284,0.176947040498442,1.25,0.000545788545001299,3.21973741547572
"Sunset",296,243,0.151401869158879,1.46090534979424,0,0
"FallFoliage",297,265,0.165109034267913,1.33962264150943,0.000416410899927793,4.62184421642397
"Field",298,289,0.18006230529595,1.22837370242215,0.00096315882700992,2.0586010952883
"Mountain",299,355,0.221183800623053,1,0.00146203727303192,1.86334058165599
"Urban",300,287,0.178816199376947,1.23693379790941,0.0000202612420930598,16.3869694098834
