"fold","train","test"
1,0.944356244313697,0.938902856950373
2,0.940831367025177,0.946019427743069
3,0.94257051579542,0.942404553849437
