"fold","train","test","val"
1,0.942404553849437,0.938902856950373,0.946019427743069
2,0.938902856950373,0.946019427743069,0.942404553849437
3,0.946019427743069,0.942404553849437,0.938902856950373
