"labels","index","count","freq","IRLbl","SCUMBLE","SCUMBLE.CV"
"Beach",295,284,0.176947040498442,1.25352112676056,0.000559946303983734,3.21732286161724
"Sunset",296,243,0.151401869158879,1.46502057613169,0,0
"FallFoliage",297,265,0.165109034267913,1.34339622641509,0.000444004436144544,4.52239397445796
"Field",298,288,0.179439252336449,1.23611111111111,0.00104173460387635,2.05704179934461
"Mountain",299,356,0.221806853582555,1,0.00154070707548666,1.84279370161925
"Urban",300,288,0.179439252336449,1.23611111111111,0.0000205143192025814,16.0562474400881
