"labels","index","count","freq","IRLbl","SCUMBLE","SCUMBLE.CV"
"amazed.suprised",73,116,0.292929292929293,1.52586206896552,0.00219565032803555,2.43354506192983
"happy.pleased",74,112,0.282828282828283,1.58035714285714,0.0141281657442124,0.884894966663989
"relaxing.calm",75,177,0.446969696969697,1,0.0242736098739671,0.492310567043042
"quiet.still",76,98,0.247474747474747,1.80612244897959,0.024174132724789,0.631420252141205
"sad.lonely",77,111,0.28030303030303,1.59459459459459,0.0170184352926913,0.803757657768618
"angry.aggresive",78,127,0.320707070707071,1.39370078740157,0.00149176323093439,2.48029773817671
