"labels","index","count","freq","IRLbl","SCUMBLE","SCUMBLE.CV"
"red",20,101,0.782945736434108,1,0.0597432888567991,1.1065855005673
"green",21,60,0.465116279069767,1.68333333333333,0.0768681049952553,0.985966582699981
"blue",22,66,0.511627906976744,1.53030303030303,0.0518264673774005,1.31261087369859
"yellow",23,65,0.503875968992248,1.55384615384615,0.0693667913161603,0.988319385721754
"white",24,96,0.744186046511628,1.05208333333333,0.0602091758368926,1.24335046613414
"black",25,35,0.271317829457364,2.88571428571429,0.0941424240256175,0.497795850565275
"orange",26,16,0.124031007751938,6.3125,0.227921554812243,0.144984029188168
