"labels","index","count","freq","IRLbl","SCUMBLE","SCUMBLE.CV"
"amazed.suprised",73,58,0.292929292929293,1.5,0.0019151219699478,2.32148513950156
"happy.pleased",74,57,0.287878787878788,1.52631578947368,0.0120198772019559,0.906375028718899
"relaxing.calm",75,87,0.439393939393939,1,0.0219674974018707,0.5165736600435
"quiet.still",76,49,0.247474747474747,1.77551020408163,0.0226112284214307,0.633642751579355
"sad.lonely",77,56,0.282828282828283,1.55357142857143,0.0155415762422622,0.813286076535488
"angry.aggresive",78,64,0.323232323232323,1.359375,0.00132165812618997,1.90631320617553
