"labels","index","count","freq","IRLbl","SCUMBLE","SCUMBLE.CV"
"red",20,51,0.796875,1,0.0630713138089917,1.14966978828458
"green",21,30,0.46875,1.7,0.075973971738748,1.05915550725261
"blue",22,35,0.546875,1.45714285714286,0.0509464556770376,1.38707508920352
"yellow",23,35,0.546875,1.45714285714286,0.0714358061578634,1.04699902127156
"white",24,48,0.75,1.0625,0.0604581752899693,1.25331466721061
"black",25,17,0.265625,3,0.110589195174662,0.509538604476191
"orange",26,8,0.125,6.375,0.227628630794503,0.100213931470406
