"diversity","rDep","label.dependency"
0.234375,0.933333333333333,0.942634061483791
