"labels","index","count","freq","IRLbl","SCUMBLE","SCUMBLE.CV"
"Beach",295,427,0.177399252181138,1.24824355971897,0.000544698270681417,3.19977357320446
"Sunset",296,364,0.151225592023265,1.46428571428571,0,0
"FallFoliage",297,397,0.164935604486913,1.34256926952141,0.000425321851753115,4.58587178252758
"Field",298,433,0.179891981719983,1.23094688221709,0.000997882508851723,2.0510283904842
"Mountain",299,533,0.221437474034067,1,0.00147865194376806,1.85667701279149
"Urban",300,431,0.179061071873702,1.23665893271462,0.0000135408207742771,19.967711491443
