"labels","index","count","freq","IRLbl","SCUMBLE","SCUMBLE.CV"
"red",20,103,0.798449612403101,1,0.062325198674218,1.01076166833793
"green",21,61,0.472868217054264,1.68852459016393,0.078208314783362,0.918482672164857
"blue",22,68,0.527131782945736,1.51470588235294,0.0567097728568156,1.18788188478376
"yellow",23,61,0.472868217054264,1.68852459016393,0.0687435880722363,0.87073711425111
"white",24,98,0.75968992248062,1.05102040816327,0.0634935336504867,1.11011433926446
"black",25,34,0.263565891472868,3.02941176470588,0.103502525050716,0.403888068530981
"orange",26,18,0.13953488372093,5.72222222222222,0.203251798954057,0.125543853246903
