"labels","index","count","freq","IRLbl","SCUMBLE","SCUMBLE.CV"
"amazed.suprised",73,115,0.291139240506329,1.53913043478261,0.00231404181366855,2.52149167122582
"happy.pleased",74,109,0.275949367088608,1.62385321100917,0.0156242984932907,0.886029696826749
"relaxing.calm",75,177,0.448101265822785,1,0.0247344623293189,0.475549929453497
"quiet.still",76,99,0.250632911392405,1.78787878787879,0.0234227359029633,0.631182099426646
"sad.lonely",77,112,0.283544303797468,1.58035714285714,0.0164546129680974,0.809180533123269
"angry.aggresive",78,125,0.316455696202532,1.416,0.0013560253552258,2.74059249994926
