"labels","index","count","freq","IRLbl","SCUMBLE","SCUMBLE.CV"
"red",20,51,0.739130434782609,1.03921568627451,0.0615969796331486,0.990979977685846
"green",21,31,0.449275362318841,1.70967741935484,0.0818868233242194,0.837853627690911
"blue",22,33,0.478260869565217,1.60606060606061,0.0570330480863242,1.13510353424354
"yellow",23,30,0.434782608695652,1.76666666666667,0.0767153362444637,0.734897354064105
"white",24,53,0.768115942028985,1,0.0646416731508462,1.10365725094672
"black",25,17,0.246376811594203,3.11764705882353,0.0943264465036907,0.33719440852804
"orange",26,9,0.130434782608696,5.88888888888889,0.211871433488257,0.208111351230344
