"labels","index","count","freq","IRLbl","SCUMBLE","SCUMBLE.CV"
"Beach",295,142,0.1775,1.25352112676056,0.000760865753208203,2.71773790922404
"Sunset",296,122,0.1525,1.45901639344262,0,0
"FallFoliage",297,132,0.165,1.34848484848485,0.000459928019709028,4.37326037765239
"Field",298,145,0.18125,1.22758620689655,0.000943443454931095,2.10583689596524
"Mountain",299,178,0.2225,1,0.0016053919778591,1.77396690685775
"Urban",300,144,0.18,1.23611111111111,0.0000397949483367159,11.7048820910665
