"labels","index","count","freq","IRLbl","SCUMBLE","SCUMBLE.CV"
"red",20,102,0.761194029850746,1,0.0629555518132872,1.01754345967323
"green",21,61,0.455223880597015,1.67213114754098,0.0795554236146107,0.886077908957811
"blue",22,66,0.492537313432836,1.54545454545455,0.0537426392236625,1.1936579963429
"yellow",23,60,0.447761194029851,1.7,0.0665513145668478,0.869847534081971
"white",24,100,0.746268656716418,1.02,0.0639125178467899,1.13394692942391
"black",25,34,0.253731343283582,3,0.0978058382214508,0.40710011189966
"orange",26,18,0.134328358208955,5.66666666666667,0.209684182958898,0.15152999851473
